comment,likes,rating,useful
"Disappointed. Dlm gambar labuh boleh belakang, tp nj paras pinggang.",1,1,1
"saya dapat baju ni kotor, banyak sangat stain kuning dekat depan and belakang baju, pastu agak berbau sikit. chat seller tunggu berhari takreply, takpelah saya terima je cuma kecewa sikit and seller pun tak reply chat bagi solition pape. ",,2,1
"Jahitan cardigan tak symmetry. Mcm cardigan reject. Sbb tak symmetry tu bahagian lengan sebelah tak selesa sbb jahitan salah. Then, kain dia sangat tebal and kasar. So disappointed  ",,2,1
"The cloth material was good but when I see the cloth carefully , the cloth was a bit dirty",,2,1
Item safely arrived. But I am a bit disappointed as I had actually ordered for nude colour but they told me that it was out of stock so I agreed to change it to navy blue. But then u can see there is a thread hanging on the clothes. I hope at least do a QC beforehand. Overall it fits me well.,,3,1
Padan dgn dengan harga...,,3,1
Baju ni sesuai untuk siapa badan kecik sebab baju kecik. kain agak tebal untuk cuaca malaysia ni. lengan pendek tiga suku je. basically untuk siapa size s tangan pendek boleh la nak pakai,1,3,1
"Much smaller than advertised, better include measurements. Im 164cm and its not as big as expected in photo, will look short on you for those with similar height. ",,3,1
155cm 43kg small not suit for me,,3,1
"good stuff but then the material is kind of itches amd if u have long arms, it's not suitable for u.",,3,1
"Lengan singkat gila for material, mmg tebal & quite nice. Tapi tulah baju pun singkat ",,3,1
Smua ok...warna sma mcm dlm gmbr so far good la...hnya penghtaran ada lambat sdikit,,4,0
"Barang diterima dalam keadaan baik. Material knitted tebal, ok la not bad. Cuma macam kecil sedikit ye, maybe memang fashion gitu kot haha. Lengan dia pun fashion singkat sedikit. It s ok, padan dgn harga. Thanks ya",,4,1
Material okay dan loose. Cuma labuh ngam2 pinggang. Bukan bawah punggung. Tinggi 154cm. Apa2 pun selesa pakai,1,4,1
"Alhamdulillah, dh sampai.. Order 6/6 sampai 9/6.. Kualiti produk ok, tapi ada bahagian yg tidak di jahit...",,4,1
A few loose strands and length tangan dia tak berapa panjang sangat. But it's overall really good and would recommend,,4,1
"Baju Cepat smpi,cume ade jahitan yg xsempurna..",,4,1
Semalam pos harini sampai,,4,0
very fast delivery,,4,0
Nice,,4,0
kain tebal . sedap pakai .. quality bagus .,,4,1
Overall okay cuma cardigan tu bau hapak,,4,1
"Material kain okay, tak ada bulu-bulu halus tu. Tebal sikit. Tak sesuai pakai lama kalau jalan-jalan tengah hari dekat luar. Me 155 cm, 47kg. Cardigan tak cover penuh sampai punggung. Okay sebab cardigan loose.",,4,1
Kain die lembut + tak berbulu but a bit pendek walaupun my height is 153,,4,1
"size nice, material kinda berat mcm tu tapi sampai sampai tadi dia berbau kepam sebab dia lembap padahal dia dalam plastic. ni baru lepas basuhkan dia   i hope next time tak jadi mcm ni lah",,4,1
"The cardigan mmg sama warna mcm dalam gambar, i thought dia a bit shorter than what i expected but still selesa je pakai. Kena pakai inner to make sure tak nampak skin.",,4,1
Received defect item ! But admin offer to return RM 5,,4,1
its a good and thick cardigan but its kinda short for my height 158 cm but overall its fine,,4,1
had some defect on the back :(,,4,1
cardigan ni terlepas jahit or terkena gunting?,,4,1
agak pendek sikit but overall okay ,,4,1
"VERY, VERY, VERY BAD SERVICE. SO BAD!
I ALREADY ASK THEM TO GIVE ME ""TWO COLOUR"" BUT THEY SENT AT ME ONLY ""ONE COLOUR"". ",,1,0
SELLER HANTAR BAG SALAH. PASTU TALI TAKDE. BILA KITA MINTAK REFUND TAK BOLEH. LAYANAN DARI SELLER PUN 0/10. SANGAT MENGECEWAKAN !,,1,1
SELLER HANTAR BAG SALAH. PASTU TALI TAKDE. BILA KITA MINTAK REFUND TAK BOLEH. LAYANAN DARI SELLER PUN 0/10. SANGAT MENGECEWAKAN !,,1,1
Cannot use the bag because zip was sewn twisted.. please replace me the new bag.. tq,,1,1
Dishonest seller. Seller sent another item that cost 8.80 a pouch  which I never order.while I pay rm14 plus. Don't buy from this seller,,1,1
"Tak macam kat pict ! Kecil , tali macam kain biasa je ! ",,1,1
Kecil ja ingtkn besar ,,1,1
Beg tidak seindah d gambar,,2,1
sangat kecil...,,2,1
It's cheep and the quality is expected. Fast shipping from the seller.,,3,0
"thought this would look nice but the stitching was messy while the straps and cutting was very cheap looking. then again, I bought this on an offer of RM4.00 so what did i expect anyway  . however, i do like the bag design, it's minimalistic. delivery time was okay. thanks.",,3,1
Okla berpatutan dgn harga,,3,0
Ok la,,3,0
Already received but the size is smaller than i expect.,,3,1
Bag cantik..xbesar sgt..bahagian dalam kosong tapi sesuaila dengan harga.,,4,1
Fast delivery. 4 hari dah sampai Sabah.,,4,0
Bag ok cantik,,4,0
Ada kesan terkoyak akibat bergesel dengan sesuatu..................,,4,1
"Sampai dalam keadaan baik. Ada yang kecil ada yang besar. Zip ok, saya pilih random. Cantik cantik beg. Terima kasih Daun keladi. ",,4,1
Brg smpai cepat.. Ok dgn harga.. ,,4,0
Cute and nice. But i expect littlr bit big size then this bcz cnt put my purse inside. ,,4,1
Beg 1 Tak zip ..,,4,1
A bit small. Thought can fit my telekung,,4,1
"Got a small hole at the bottom of the bag, but sokay boleh jahit balik sendiri... Overall its ok with the price.. ",,4,1
"Barang diterima dengan selamat nya...
Beg sling yang cantik...",1,4,0
"Barang sampai cpt terbaik... 
Tapi ingat bag besar rupanya kecik, tali pun nipis n kecik sikit.. Ok ler dgn harga .. ",,4,0
"Not bad laa..kalau besar sikit lg ok,tq seller",,4,0
Sellers chat response is a bit late but overall the item is in good condition,,4,1
Talinya tidak cantik haha... Tp ok jg sbb kut harga kan murah haha,,4,1
Dont expect too much with the low selling price. ,,4,0
"Delivery time is good but get wrong color la
Seller must check properly la before post
Kualiti boley la sesuai harga",,4,1
Beg kecil jer.. Sesuai dgn harga.. ,,4,1
Penghantaran lambat dengan J&T so better pakai another delivery courier. Beg tu kecil dari size dalam gambar so be careful,,1,1
"the product is so thin, by looking at the price you can already guess the quality ",,1,1
"I order different bag,I get a different bag so poor service",,1,1
"Barang dlm keadaan baik, dan penghantaran  yg cepat",,1,1
"Entah pape hahahaha ingt lawa hadehhhh baru nk hadiah ke mak  dlm gmbr bkan main yerr,smpai2 nahhh tudiaaaa hahahaha..tpi ok larr sbab sesuai lar ngan harga kan ",,1,1
Ok lah.....,,1,0
"saiz tlalu kecil
tali nipis",,2,1
"size tlalu kecil
tali nipis",,2,1
Product not what I expected. Low quality. But I guess worth the price. ,,2,1
"Murrah,  x ngam bwa jln2, senang putus kalau kna grab",,2,1
"Tq seller
Barang kualiti sama dengan harga
Xtebal, xbesar,
Tq          ",,3,0
"Pilih warna hijau smpai ii wrna hitam ,okelah post pum cpt ",,3,1
.............   .................. .........thanks.......,,3,0
Already received but a bit disappointed cz the bag is bau tikus   then the sandle is not fit to me. my size is 38 but I take 39 and still not fit.. hmmmm,,3,1
Ok not bad setanding dgn harga,,3,0
Brg selamat sampai..tpi 3 jam smua tak berfungsi...,,3,1
The size is quite smaller than expected. The quality are also different from the picture. Although I am a little disappointed but since it cute so I'm quite fine with it. Plus the price is quite suitable for the items. ,,3,1
bolehlaa. harga kene dengan barang. semalam post harini dah smpai. thankyou,,3,0
Maaf seller tapi beg saya kurang 1.  ,,3,1
Too small. Not like in the picture. Purse cannot put in at all. Fast delivery though. ,,3,1
okay. smaller than i expected. yeah. you get what you payyyyy ,,3,1
Barang dah sampai....satu beg ok..satu lagi tak memuaskan..tp berbaloi dgn harganya...apapun...semua ok ..thanks,,3,1
"Quality is a meh, but okay.  Bearable as the price is low.",,3,1
 Product quality is ok,,3,0
Beg agak kecil,,3,1
good...beg yang comel sesuai utk letak phone n purse n harga murah,,3,1
Good,,3,0
berbaloi dengan harga,,3,0
ade cam calar sikit tapi tkpelah harga murah  ,,4,1
"The black bag quality ok ok only, bought at cheap price so what to do la",,4,1
"sorry vid tak berkaitan,beg tu tali agak tak memuaskan but kasut i like just a bit besar huhuhuhuhu thankyou anyway",,4,1
Barang sampai dalam keadaan baik  ,,4,0
"Kualiti normal, but is okay, Becausethe price quite cheap,thanks seller",,4,0
 boleh la stakat buat lasak tu....hehe..murahh2,,4,0
Okey...bagus...perhantaran cpat,,4,0
Xblh nak zip..jahitan xbtul ini...patut nye seller tgk brg dulu sblm pos out..,,4,1
"Dah sampai . Beg cantik sangat , cuma beg rabbit 1 tu ada koyak sikit . Thankyou !  ",,4,1
"Beg hitam okay. Cantik. Sesuai dgn harga. 
Beg biru, tali tak bersambung. Refer gamba. Totally tak kemas macam beg hitam. Kasut okay.murah.berbaloi beli. Saiz kene up satu saiz yang biasa pakai.kalau ada duit lebih, belilah beg yg mahal kualiti skit. Beg beg ni murah. Kualiti sesuai dengan harga. ",,4,0
Penghantaran yg cepat,,4,0
It's slightly different from the picture but it's acceptable with the price   Fast delivery and im satisfied with it!!   Thanks!,,4,0
Receive in good condition. But the bag is too simple it's just have a zip no more compartment lucky it for my daughter. She go out just bring phone and wallet only. ,,4,1
"Post sgt cepat
respon dri seller pon cepat
layanan sgt bagus
brg okay
nnti bole repeat lgi
Post sgt cepat
respon dri seller pon cepat
layanan sgt bagus
brg okay
nnti bole repeat lg",,4,0
item rosak 1 but seller dah refund :) thanks,1,4,1
Fast delivery ..quality beg kurang sebab jahitan tak kemas tapi kena dengan harganya..beg lawa.tak besar sangat tak kecik sangat..okay untuk bawak phone dan dompet..lain kali saya boleh repeat lagi ,,4,1
Mendapat barang mengikut dalam gambar..tq sis Service terbaik ,,4,0
"Sound quality is just fine, not as good as I thought it would be. Plus the shipping was horrible! Took too long, seller did respond & follow up. Once received, the package has smell of perfume or some thing, it was oily. For the price, that's what u get, don't expect more",,3,0
Kualiti sepadan harga.,,3,0
It takes extra days to be delivered compared to other item that was bought on the same day. ,,3,0
Shipping was a little slow. Packaging was good with bubble wrap. The speakers are satisfactory. ,,4,0
"normal,no bass only",,4,0
"The delivery is fast, but not satisfied with the quality.",,4,0
Ok la tapi kotak kemik sikit harap kalau ada warranty issues nanti seller tanggungjawab lah,,4,0
item good item good item good item item good item good item good item good item gooditem good item good item good item good good item gooditem good item good item good shipping problem & late...,,3,0
"Item arrived in good condition, good packaging, good product quality, but delivery took more than a month to arrive.Would've be 5 star if not cause of the late delivery. Still satisfied with the product.",1,4,0
Bad service from shopee shipping slow giler beli brg 18.6.21 harini baru smpi giler peram brg nak sebulan!! Bg 1 start je utk delivery!!!,,1,0
Packing sangat terukkkk.. Takdak bubble wrap lansung.... ,,1,0
slowwwwwwwwww delivery dude...,,1,0
TAKDE GAMBAR SEBAB I ORDER BARANG NI BUT TAK DAPAT HM SEDIH GILA !  ,,1,0
"barang mcm sampah , parcel takde bubble wrap langsung just bubuh dalam plastik hitam je sudahnya pencil eyebrow aku patah. mascara pulak  takleh function. nak mintak refund tapi kena return barang pulak, aku kalau produk sampah mmg duduk sampah la jawabnya. will boikot forever #pinkflashkoyak",,1,1
"Untrusted seller. I never get the item, my money burned. When contact seller, no response. Buyer please take note. Don't buy from this seller. Irresponsible seller. ",1,1,1
"The tip doesnt come out at all. The rest is okay. But the eyeliner is really frustrating. Dia punya murah, menyerlah taknak sorok. Kalau marker whiteboard habis, pakaila eyeliner ni. ",1,1,1
"Before this trslh hntr sponge, then bgitau next parcel akan selit sponge skli and just give a notee. Ni dh purchase baruu tkde pun sponge  . Ni last order. No moreee  ",,1,1
You gave the wrong eyeliner !,,1,1
Cair sgt ,,1,0
"Okay la eyeliner nie sbb murah,sesuai dgn brg tue.Kejap je dah smpai.",,2,0
"Very disappointed    seller mcm mana buat keje ni bg eyeliner takde penutup   nampak mcm yg dah bukak je, bg yg tak elok punya    dhla xleh guna x keluar ink   dah la wrap dgn plastik gitu je, xkn x perasan kot msa pack   geram betul rasa haih   menyesal beli ni  ",,2,1
"not sharp at all, if you jenis suka buat style eyeliner triangle this is not the one babe. eyeliner dia cairr and if terkena air sikit you will look like bride yang tak jadi kahwin and im serious  ",1,2,1
"no bubble wrap, the items broke and i cant use it anymore so yah a bit dissapointed",,2,1
Dah pernah beli. Tapi kalini Delivery lambat sgt. Brg pun sampai dekat tmpt lain,,2,0
the eyeliner is dry,,2,1
Penghantaran lambat gila! Da sebulan baru sampai barangnya..,,3,0
eyeliner mata tajam dan jenis liquid. tksesuai untuk newbie mcm sy. habis hitam mata   . so far okey la. tq seller ,,3,1
Everything is good~~ but the shipping here is way too long... maybe they miss my parcel,,3,0
"not waterproof, so easy to wipe, the edge of eyeliner to thick hard to draw sharp line btw fast delivery.  ",,3,1
barang semua mencukupi..semua ok..tapi penghantaran ambik masa nak dekat sebulan..terima kasih..harap boleh diperbaiki..,,3,0
"Received already although took some time to get the item,  very liquid",,3,0
can be erased by my fingers. the ink is good though. but bc its easy to erase u can mess up and still be fine.,,3,1
Saya beli eyeliner yang dapatnya eyebrow.,,3,1
i dint recieved this eyeliner ,,3,1
even late its sokay i got what i want HEHEHEHE   ,,3,0
It s dark but obviously not water proof and smells like marker pen to be honest.,,3,1
"Terlalu cair, and spreading",,3,1
Taktahan lama,,3,1
"Murah..cepat smpai. Kualiti setanding ngan harga. Eyeliner kena air sekali terus pudar which is they stated as ""waterproof"" tapi sebenarnya tak. Suggestions klau nk beli eyeliner better beli stagenius punya agi tahan.",,4,1
Sorry tak dapat bagi 5 bintang kerana penghataran sangat lama..tapi kualiti barang sangat mantap..thank you seller,,4,0
"received in good condition, its just the eyeliner is hard, not like brush, so u hv to do it gently",,4,1
the product came w/o bubble wrap but all in good condition. the product is pigmented enuff for me and affordable,,4,1
"Tak suka sgt sbb basah,. Agak cairr. me echo de menos a mis amigos.",,4,1
"Product arrived safely. Wrapped well. No damage. Product looks premium for a cheap price. Works well on me. Well, it does its job so okay.",,4,0
Thank you Thank you Thank you Thank you Thank you Thank you Thank you Thank you Thank you Thank you Thank you Thank you Thank you Thank you Thank you Thank you Thank you Thank you Thank you Thank you Thank you Thank you Thank you Thank you Thank you Thank you Thank you Thank you Thank you Thank you,,4,0
"Packaging okay, products also okay but the delivery takes a very long time to arrive . More than 3 weeks to arrive. But, understandable might be because of oversea shipping ",,4,0
i accidentally clicked i've received the order when i'm not :'( hope the items will arrive safely,,4,0
"Penghantaran ok je, dh try dah, die sumpah cair skit, tpi lah kan dgn harga",,4,0
"for absolutely beginner, i dont recommend as the felt tip is very hard and not flexible  but if you want to try out eyeliner its an ok option since its cheap",,4,1
"Thank you, barang sampai dengan elok, cume lambat skit la, warna dia pun okay   ",,4,0
reallyy goodddd! the eyeliner is very easy to use and very smooth!!,,4,0
"Yeay dh sampai, eyeliner ni memang hitam and cepat kering, tip dia pon halus so boleh buat wing liner, harga dia pon murah so utk makeup beginner boleh beli this eyeliner ",,4,1
Just ok lah. Not bad at all. And not that good. I don't why some youtuber said that this eyeliner was really good and soooooo worth it to buy. Its not that 'really good' tho    pls don't lie people like that ok. ,,4,1
"delivery pantas, semua okay tpi ink nya cair sgt n susah nk clean even guna oil cleansing. maybe ada cara utk pkai kene tgk utube. anyway dpt free gift best dri seller. thank youuuuu  ",,4,1
"Thank you, all the items are enough, I bought this set of make -up tools to give a thousand and one benefits to the wearer. and I hope after this I can order again with you..because you are kind and trustworthy",,4,1
"kinda disappointed because seller didn t provide bubble wrap at all. hence, the 4 stars ",,4,1
nice but ink(?) dia tak evenly spread sangat idk so bila nak pakai dia hilanghilang. also no ink at the tip so i cannot do thin lines lol. lepas pakai kena biar dia rest jap so the ink ada balik,1,4,1
terbaik terbaikterbaikterbaikterbaikterbaikterbaik Terbaikterbaikterbaikterbaikterbaikterbaikterbaik,,4,0
"penghantaran cepat..tp barang xleh guna kt player.. better lg pkai yg dh 3,4 tahun punya barang lg ok..",,1,1
Beli 128gb..check dlm cuma 114gb..mana pegi 14gb lagi daaaa...jujurlah jika berniaga klu nk masuk syurga.,3,1,1
Dh rosak baru je beli,1,1,0
Useless. Waste money.,,1,0
Feel disappointed because purchasing from official store and get a low quality SanDisk. Is this common to have 14GB of storage 'missing'? And store customer service not answering my queries too.,4,1,1
Minus 1  for slow response from sellerMinus 1  for seller reject & refuse to cancel order even though product still at their shopMinus 1  for product is a rip off. Found out other big brand 1TB flash drive even cheaper than this 32GB. Minus 1  pay for 32GB get only 28.6GB,4,1,1
Penghantaran barang keluar sangat2 lambat dr seller..,5,1,0
Very light thumbdrive... Doesn't work..  can't save files and songs... Is a fake drive... Been cheated... No more purchase pendrive online...,3,1,1
"When i just buy, i check disk size is usable. but today i would like use for do boot disk using iso it's fail to fomat... pendrive not able to readable and cannot be reformat.",2,1,1
product is good just delivery time took longer theni expected,3,1,0
Rosakkkk,,1,0
Telah terima dlm baik pada 4/6/2020..uji berfungsi baik..tks..,2,1,0
overall in Okay. Tapi Postage Jelaa lambatt  papepun thank you seller,1,2,0
Delivery time as expected. Wrapped nicelyExpected the 128GB to have 114GB (since  everyone usually talk about it in the net)Kinda sad that the 32GB is only 28.6GB since my previous cruzer of the same model is 29.2GB :(,2,2,1
Peram barang lama sangat sampai 4 hari baru buat penghantaran. Barang dan harga memang baik. So maaf tak dapat bagi FULL STARS. Make sure improve your service and anything problems please make sure ur customers get inform. Be nice.,0,2,0
Lebih seminggu br sampi tupun guna guarantee br proceed..,,2,0
Its functioning but both only have around 57GB storage when I bought 64GB. Its like almost 2x7GB less. Was expecting the free reusable mask as well but not received even i ordered my goods within the promotion period.,1,2,1
Delay ke?Order 7.6 seller ship out 9.6smpai 12.6Dekat seminggu gk,,2,0
Seller very late send out item. So far product is original.,,2,0
Servis yang teruk... Seller mengepos barang lambat... Dari tarikh bayaran makan masa 4  hari hendak  pos barang... Sangat3 mengecewa kan...,,2,0
The storage only contain 114GB while I ordered a 128GB one. Takkan dengan official store pon boleh macam ni jugak?,1,2,1
Bought 2. Not exact the same storage as mentioned. Feel like being cheated.,1,2,1
"barang lambat pos. seminggu tunggu baru pos.seller yg lmbt pos. sbb bila dh pos..sehari je brg dh smpai dah. lg 1, dlm iklan tulis 64GB sdcard , tp total storage just 59GB je pon.. sama mcm pendrive l...tulis 128GB, tapi total just 117GB. aku pon xphm",1,2,1
oder 64gb dpt tak smpai 64..dapat 57gb sja,1,2,1
"ordered usb 32gb but when i check, only 28gb and ordered micro sd card 16gb and inside only have 14.83gb.",1,2,1
Kata ada 32gb. Tapi cuma ada 28gb sahaja.. penghantaran laju.,1,2,1
Buy 32gb  but actual 28gb only,1,2,1
Beli 32GB bila dapat 28GB sahaja.,1,2,1
pos lambat,,2,0
beli 32gb dpt 28.6gb je...,1,2,1
Perkhidmatan pos semua mantap tapi pendrive hanya 114gb sahaja padahal beli 128gb. Tapi pendrive masih function,,2,1
mmmmmmmmmg lambaaat ... shopeee please kembalikan hak pengguna kami untuk memilih courier.... mcm apa lagi....,,3,0
"Barang ok jaa, nice tapi beli 36 GB yang dapat 28GB je.hmmm",,3,1
"Paid 06/06Parcel picked up 10/06Received 12/06Quite delay arrangement by seller. Need to use urgently but finally x sempat. Its ok la use for others.hwevr,packaging was good.seller i think u need speed up ur service for buyer's buying satisfaction. Pendrive yet to check n test. Will update later.",1,3,0
"DISAPPOINTED, I order 32GB and I received 28.6GB WHERE'S THE OTHER 3.4GB?? the only good thing here is the fast delivery other than that nothing. I'm not going to refund it, would've hv wasted my time. Thanks, at least you send me my flash drive.",3,3,1
Tak sampai 32gb punGood value for moneyFast delivery,,3,0
"Memang tulis kat card 64G, tp bila masuk dlm phone detect 59.4G je. Mana perginya 4.6G? Check guna pc pun sama.",1,3,1
Barang da sampai..tp gb x sepenuhnye smpai..contoh order 64gb..tp dlm cume 57gb...but overall is okey...,1,3,1
"18hb konon discounts, 19hb lagi murah, walaupun beza 0.90sen tetap tak puas hati hahahahahahaha",,3,1
Hadoii lambat nauu postage.. 3 star jaa ye.. hari ke lapan baru sampai..,,3,0
barang ok... courier service lambat 4 hari baru sampai,,3,0
"delivery guy wrongly sending to the wrong address, luckly the house owner called me...plss use jnt or dhl, shopee express really sucks",,3,0
delivery lambat. barang ok.,,3,0
Not bad laa..beli 64gb tpi smpai 57.2gb ja.. balance 6.8gb lgi goneebeli 6.6 smpai marin..11.6..btw tqq seller,,3,1
"Delivery okay, packaging okay, i bought 64gb, when open it and checked only have 57gb ",,3,1
"betul lah, 114gb korang bagi kalau purchase 128gb. mana 14gb lagi? korang buat pendrives size 14gb ke? ",,3,1
57 gb je saye order 64 gb hmmmm,,3,1
Bli 128gb dpt only 114gb. Why,,3,1
Product quanlity is ok..................................,,3,0
Late delivery...,,3,0
maaf gambar x da kna mngena. brg ok ja so klau bli pun x de la kecewa sgt. just lmt shipping je.overall nice,,4,0
Good Product Quality. gOod value for money. delivery slowww,,4,0
"Brg ampai dlm keadaan yg elok. Delivery pun cepat. Brg okay. Cuma storage tk sama dgn yg ditulis. Klu nk yg bajet, boleh beli yg ni. Klu nk yg betul sama storage, boleh beli yg original. Better dri takde lngsung. Thanks seller",1,4,1
"Overall ok sepanjang 15hari ni, tapi tulah apekan daya kat notis pembelian tulis kata drive nih 64gb tapi aq cek kat laptop ada dalam 57gb something and lps tu aku tanyelah kat admin shop nihhh, dia ckp hal tu terjadi sbb sistem tuk optimise drive ni ade amik bpe gb lps tu aq faham lah, btw thnk you",,4,1
Penghantaran agak delay...storage kurang 128 dpt 114 gb je tapi ok...file transfer laju,,4,1
Terbaik shoppe express... pendrive guna awal2 ok.lepas tu..crack...kenapa..rasa rugi je beli,,4,1
"act what do i say? hahahah everything was good and i think thats it,oh btw this get yours one keep the memories inside!",,4,1
Product received in good condition with well packaging. Good product quality,,4,0
"Item received in good condition, not the best packaging but non damages were found",,4,0
"Iman kita hanya bertumbuh sebatas perkataan saja, tetapi tidak pernah berbuah dalam tindakan kita. Kita mau berubah tetapi tidak pernah berubah, mau memberkati tetapi tidak pernah menjadi berkat. Mau setia melayani tetapi selalu mudah tersinggung dan tidak loyal,IMAN TANPA PERBUATAN ADALAH MATI",1,4,1
128GB,,4,0
fast delivery,,4,0
Barang dah smpai. Penghantaran pantas. Bungkusan pun elok. Dah try tadi dekat laptop ada 114gb daripada 128gb.,1,4,1
Fast delivery. Same as product shown. Buy 128GB but in pc only shown 114GB. Still useful. Thanks seller,,4,1
"The products are good, just one thing want to problem regarding the Poslaju sender who always leave the parcel at guard house. Can seller help to complain to Poslaju?",,4,0
Item received same with order.Good packaging with bubble wrap & fragile sign. Item functioning properly. Overall recommended & trusted seller.,,4,0
Packing mmg selamat.... Cantik... Puashati.... Hrga bg aku berbaloi la... 64gb opkos la x dapat 64 full... Stndard la tu...,,4,1
Product quality is not bad......Delivery time as expected.........Value for money.........,,4,0
Okay thanks,,4,0
Tq seller..brg dah smpai..cume penghantaran ambil masa seminggu jgk la dr tarikh order..anyway thanks..packaging kemas..cuma belum try lg,,4,0
"Parcel arrived today!!!!! already try on and it working properly, I use this  to store movie cause I downloaded a lot during this lockdown, transferring and playing it back also good thankfully. Was worried if it not working, packaging is ok and delivery is average not too slow or too fast.",1,5,1
Good good good good good good good Good good good good good good good Good good good good good good good Good good good good good good good Good good good good good good good Good good good good good good good Good good good good good good good Good good good good good good,,5,0
Mantap Dan Terbaik !!! Mantap Dan Terbaik !!! Mantap Dan Terbaik !!! Mantap Dan Terbaik !!! Mantap Dan Terbaik !!! Mantap Dan Terbaik !!! Mantap Dan Terbaik !!! Mantap Dan Terbaik !!! Mantap Dan Terbaik !!! Mantap Dan Terbaik !!! Mantap Dan Terbaik !!! Mantap Dan Terbaik !!! Mantap Dan Terbaik !!!,,5,0
"Decent USB stick. Understandable with the price point. Transfer speed is average, 1gb file will take you about 1 1/2 minutes time to complete. People who complain ""space is missing"" don't have enough computer knowledge. Read the bytes count not the gb count people. Delivery is super slow though.",1,5,1
I have checked online that a 64GB SanDisk Cruzer will give you about 58GB or 59GB. So I lost about 1GB in this lottery and thats fine with me. If you get 59GB you are lucky.,,5,1
Sangat cepat. Order 7.7 terus ship out. 8.7 dh dpt. Sangat murah dan berfungsi dengan baik. Harap dapat guna dengan lama. Recommended. Packaging sangat secured. Will repeat soon.,1,5,0
Barang baik.....barang baik......smua ok....tq....tq...,,5,0
Order :6/7Receive :9/7Item has arrived safely and put it in bubble wrap. I order 16gb but the i got it is 14.5gb. It's not okay for me. Order :6/7Receive :9/7Item has arrived safely and put it in bubble wrap. I order 16gb but the i got it is 14.5gb. It's not okay for me.,,5,1
ShoppeBarang cepat sampai..Barang sangat brkualiti...Harga mampu milik...Semoga bisnes terus sukses...Support org melayu..,,5,0
Parcel arrived within the time frame given.I haven't used it yet.Thank you very much.,,5,0
"Good quality, fast delivery, excellent service, worth the money. Good quality, fast delivery, excellent service, worth the money. Good quality, fast delivery, excellent service, worth the money. Good quality, fast delivery, excellent service, worth the money.",,5,0
Good good Good good Good good Good good Good good Good good Good good Good good Good good Good good Good good Good good Good good Good good Good good Good good Good good Good good Good good Good good Good good Good good Good good Good good,,5,0
"packaging is exquisite, the service attitude is very good, looking forward to the next transaction.",,5,0
Good product fast delivery. Thank you seller,,5,0
"Kualiti barang sangat baik, harga berpatutan, penghantaran cepat",,5,0
Da smpi.. kecik je but nice. Kene simpan tempat senang cari. Takut hilang..Yg ni jenis xde penutup. Selamat save data sudah ..,,5,1
Got discount from 7.7 sales. Fast delivery. Good condition and reliable seller!,,5,0
Barang diterima dalam keadaan yang baik.. dah siap buh movie dengan video seller pun laju buat qeja.. terbaik seller,,5,1
Alhamdulillah received in good condition. Packaging also very good and got invoice also as requested. Tq seller!,,5,0
Terbaik.. Barang sampai dalam keadaan baik.. Ringan je.. Original.. Tetap padu. Murah dan quality yg bagus,,5,1
Very slow delivery & slow response from seller,,1,0
"Bad quality , this sd card only 29 gb??????????? So disappointed.",,1,1
"Product ok. Shipment within a day. But i got unlucky by j&t, my parcel when all the way to sabah, instead of terengganu. I want to cancel order as suggested by seller, instead they denied my request. Kinda funny tho",8,1,0
shopee express very slow,,1,0
Order & payment 6/6/2021Kedai ship out 10/6/2021Receive 13/6/2021Very disappointed,,1,0
Rubbish,,1,0
Very unresponsible for J&T courier service. Leave my parcel on door gate then away without informed me!!!!Good product quality and packaging.,3,1,0
"Order on 11Nov send out on 23Nov , receive also wrong item , order micro Sd card 128gb receive 64gb, contact seller many time very slow respond, courier come to pick up return item delay many time, after receive return item, also very slow send out my 128gb sd card to me. Receive in 1 month .",8,1,1
"Since seller are shopee mall, please help me to complaint J&T, with superb slow delivery and damage on the package. And seller also not packed it more properly, because J&T will treat the package as rubbish. So the 1 star rate are refer to courier, the product is okay and functional",4,1,0
"EDIT : 15/4/2020,  product spoiled! POOR SERVICE, POOR CHAT RESPONSE, SD WASN'T IN GOOD QUALITY. ASKES FOR A CHANGE OF NEW PRODUCT BUT YOU REFUSED, TOOK YOU MORE THAN A WEEK TO SEND TO YOUR NEXT DOOR NEIGHBOURBOOD GARDEN.. SERIOUSLY DONT NEED TO BUY FROM YOU IF I KNEW YOU WERE SUCH A SHITTY SELLER.",13,1,1
Penghantaran cepat. Tapi tak tahu la original atau tidak.. Sebab banyak gambar hilang selepas letak memory card ni.. ,10,1,1
No ask no send After ask only send ,5,1,0
"Order on 12 Nov, follow up with seller but no progress. I request for cancellation but seller reject my cancellation, contacted the seller, response given is he/she is not the person who reject my cancellation, is the operation team! Unprofessional seller! Only ship after I request cancel on 26 Nov.",4,1,1
Seller not helping buyer to trace the missing item from post office~ Memory card was ok but no judgement for the pendrive since it is missing from the parcel.,4,1,1
Late delivery and poor support service.   They don't even care to check.,6,1,0
"This was using the sorry code Rm5 because sandisk claimed pricing error previously, from 200gb become 32gb.Not all customers get this code, is random, my friend didn't get it, even though already complaint to shopee",3,1,1
nak return tak pandai takpe laaa ..,6,1,0
Seller got my order wrong. Only delivered 1 item instead of the 2 units I purchased. Took so much follow-up on my part. Seller would not have followed up if I did not press them for the missing unit. Slow response.,2,1,1
"Took MORE THAN 2 WEEKS to deliver, Seller keep reject to ship out the parcel even I request since 1st week, they just IGNORE me until end of 2nd week, said will ship out on Thurs or Friday but no ship out till Monday of 3RD WEEK till i request again, no Aeon voucher given, get 2 bag instead.",2,1,1
Very poor product qualityMemory card jadi pns bila guna dlm fon.,4,1,1
Barang diterima dengan selamat.Penghantaran terlalu pantas.Produk ok. Saiz jadi 59g.Terima kasih seller.Update 1 Jul 2021 -Xiaomi Redmi 9t cannot support this SD card Corrupt internal storage.Reset back my phone ,,2,1
Original legit card with better read and write speed for phone.,,2,1
"Beli 16 gb, dapat 14gb.......",,2,1
Barang padu. Tp bab delivery tu sloww gila. Seminggu order bru nk shipment barang.,,2,0
slow delivery but product is ok,,2,0
"Product arrived fast however, supposedly it should be 64gb,but when inserted into the phone, only became 59.4gb. So did not get what i expected to get.",1,2,1
Where the free shipping?,,2,0
"Buy 3 card got 1 card cannot read, waste my money got no refund",,2,1
"Gave 2 stars due to delivery only. I was home, no WhatsApp or call by delivery person. They left it out on the gate. Then it rained heavily, thats when I noticed on Shopee saying it has been delivered. Found parcel behind a pot plant, soaked wet in the rain.DisappointedProduct worked very well.",,2,0
"It took 3 days for them to pack the item n ship it to the courier.n additional 2 days for jnt.suprisingly, i received the item on the same day with my other item bought from china.so please,to those who need it urgently like me,please do buy from other seller.",1,2,0
-Received in 1 day after shipping out +3-The packaging comes with a box +2-Order cancelled once due to seller do not ship out the parcel on time. - 1-Second order was made possible when I extended the shipping day -1-The speed of the product is NOT as advertised -1,4,2,0
"writing speed and reading speed not even half of the 98mbs...only get 20mbs...memory is enough, not sure is real or fake card.",5,2,1
Delivery time is below the expectations. DHL is kinda slow with dealing the parcels. Even the seller took 3 days to ship out. 2 star is fair for seller and courier.,1,2,0
"Ordered on 4.1.19, ship out on 8.1.19, received on 9.1.19. Why take 5days to pack and ship out after receive order? Will give 5 stars if receive within 48 hours after ordered!",2,2,0
Produk okay. Delivery lambat.Produk okay. Delivery lambat.Produk okay. Delivery lambat.Produk okay. Delivery lambat.Produk okay. Delivery lambat.Produk okay. Delivery lambat.Produk okay. Delivery lambat.Produk okay. Delivery lambat.Produk okay. Delivery lambat.Produk okay. Delivery lambat.,0,2,0
"Preparation utk delivery lambat, seller amik masa lebih seminggu hanya utk pos brg, setelah seminggu seller ckp nak pos isnin tp khamis baru pos, setelah delivery, tak sampai 2 hari dah sampai, good product quality, bukan condem tp hanya pendapat utk tingkatkan produktiviti seller",,2,0
Ambil masa 15 hari utk smpai... Berjanggut menunggu time pkp ni...huhuAmbil masa 15 hari utk smpai... Berjanggut menunggu time pkp ni...huhuAmbil masa 15 hari utk smpai... Berjanggut menunggu time pkp ni...huhu,1,2,0
Lambat untuk keluar ship out. Sampai hujung waktu diberikan shopee baru nk ship,2,2,0
Very bad delivery service. Item shipped out late and delivery late too. Other purchases from China arrived much earlier than this seller.,2,2,0
"Generally, the microSD card is working well and good. Product is packing states that it's Made in Taiwan but the content such as the adapter is printed Made In China. And by the way,  SDCard adapter for the microSD is not working as it should when used together with the microSD plugged in.",1,2,1
item arrived safely..im not satisfied with the product..where is the remaining 4.55 GB..?? i need explaination on that..i bought for 64 GB and only get 59.45 GB absolutely ridiculous,,3,1
Good packing and cheaper than others ship! Worthy! Goodluck ,,3,0
"Product oke, got time 4.4.21 price quite cheap. But seller send to courier take around60hours. Normal other mall arour 24hours. Then bad service from courier service. Need 6days to deliver(shopee express)",,3,0
"sd card memory tak sampai 128gb pun, hanya 119gb. Cuma harap thn lama jelah.",,3,1
"Late shipping, but arrived with no damage, thats acceptable.............",,3,0
"128gb but only 119gb free spacedelivery is really, really latetook nearly a month of waiting",,3,1
Good Good Good Good Good Good Good Good Good Good Good Good Good Good Good Good Good Good Good Good Good Good Good Good Good Good Good Good,,3,0
"Delivered the items slow which not fulfill shopper 2 days shipping policy. Order 9.9, post 14.9, reach 17.9.In addition, the seller respond is not professional.",,3,0
Beli 16GB dapat 15.9GBMana pergi lagi yg balance tuh?Jadi seller tolong jujur laa,,3,1
"Product goodPacking goodDelivery time very slow, about 10days to received.Need to improve, mco is not reason because other seller can delivery within 3 days.",,3,0
Fast delivery.Beli 2 cuma 1 je berfungsi.Bukan sandisk original.,,3,1
Beli 128gb tapi bila tgk ada 119gb but its okey yg penting barang i sampaib,,3,1
good quality.delivery mcm siput,,3,0
Good item but slow delivery I won't use shopee express after this. The courier before seem Irresponsible. They didn't deliver my item but claim buyer not in location,,3,0
Late,,3,0
Okay laa..got the card..ordered on saturday..received on wed..haha..shop in selangor..no other gift..just card..hopefully working one.,,3,0
"Barang sampai dengan selamat,bungkusan terbaik",,3,0
Im doubting this sandisk official store.. I couldnt find any info of sandisk product in their original website. I used H2testw to test whether the SD card is genuine or not. Guess what? The reading writing sped only 58.5 Mb/s and reading speed only 61.0Mb/s. When will the speed up to 100Mb/s?,8,3,1
"Good product but seller not helpful. Page said free shipping order above rm40, my order above rm60 but still no free shipping at all. Pm seller he jz ask em to refer shopee. I reinstall shopee app still same. Only happen to this seller. Weird",,3,1
Previously asked Sandisk can this use for my Nintendo Switch they said no & proceed me to use SD card with Nintendo logo. Well they lied and they are wrong they have no inching idea what they are talking about.   Im using 200gb sd card perfectly for my nintendo switch  and yes it can be used,6,3,1
Just nak tahu..adakah normal beli sd card 64gb..bila dh install jd 59.4gb..pernah beli sd card..tp..xde lar sampai kurang byk mcm tu..Pape pun..ok lar..harga ok..penghantaran ok..tq..,,4,1
"Product: Overall ok, but its quite slow on the data transfer rate as compare to what was being advised and also my other Sandisk Memory Card (Kindly refer photo)Delivery; Seller already posted on time, but the courier service was really2 bad. Item was posted on 8 June, but I only receive today",,4,1
"Parcel delivered on next day of order placed, thumbs up, thanks.",,4,0
Bought in sandisk official store and reliable productSatisfied,,4,0
Barang sampai Elok dah try test semua masuk dekat hanset dah dpt detect mmg 64gb.bagi 4 star sebab seller lambat pos out sila perbaiki service anda,,4,1
Barang dah lama sampai..baru nk rate..so far okay je barang elok..,,4,0
Delivery is slow but product is good if delivery can more efficient is better,,4,0
Great authentic product. Product as advertise. I have try it. 1 star deduct for seller late ship my product. 3 days later only start to prepare to ship.If i were to receive 2 weeks late i would have give it 3 star.,,4,0
"Safely arrive, abit slow to be expected mco 3.",,4,0
"Downloaded songs and input into the microsd. It works on my divoom speaker. However ninjavan delivers at such a weird timing, 8pm+",,4,1
It works perfectly hopefully can save more photos and videos without moving it to computer due to full storage anymore. I just show the packaging photo because I forgot to take a pic of the card . But delivery service is quite slow .,,4,1
"Fast shipping, really surprised cos some of the reviews mentioned slow shipping and poor service from couriers. I like the packaging too heheOnly real complaint is it shows I have 59GB instead of 64, but besides that everything was good",,4,1
"Hi seller, order received and thx. Yet open the package.. Hope it can last long.",,4,0
Seller send out product very fast. Product also send to the delivery address as per schedule.,,4,0
Good. Penghantaran cepat dan balutan kemas dan selamat.,,4,0
Original. Has 31.9GB. Transfer 4.04GB of music from the phone to SD card used 6minutes.,,4,1
RM0 Majlis Rasmi/Tidak Rasmi & Majlis Sosial dibenarkan mulai 5 Mac. Had kehadiran kawasan PKPB 50% keluasan premis & kawasan PKPP mengikut keluasan premis.,,4,0
"Thx Seller, this is my repeated order but this round a bit late delivery. Hope this card can last longer..",,4,0
"Delivery agak lambat, tp at this time u couldnt expect more. Its consider ok la. Real/ori sandisk micro sd. Works well. Checked in the fon with actual storage size. Good product after all!",0,4,0
Barang smpai dlm keadaan baik..cuma aku tak test lagi okay ke tak.. sebab tak sempat nk balik kg..,,4,0
Memory kad boleh guna. Setakat tiga hari guna masih okey bosskueee.. Nanti akan repeat oderr lagi pada masa yang akan datang boskuee..  Pounsikou @ telima kasih tokeyyyy.. Torbaikkk,,5,0
"Micro SDXC card x2 received, but sale neet 2-3 days for shipment, I'm OK, is original, goods have bubble envelope, 2 card format and try for tranfer video file from macbook and play back on tab and phone, is working well. Very satisfied",,5,1
terbaikkkkkkkkterbaikkkkkterbaikkkkkterbaikkkkkterbaikkkkkterbaikkkkkterbaikkkkk,,5,0
Item posted in bubled parcel. Item received in good condition.,,5,0
Tq seller terbaik servis dari sller shri je terus smpai terkejut jgk servis dari ninja ni tba2 laju biasanya slow sgt,,5,0
"Received in 4 days in great condition, fully protected with bubble wrap. In my realme phone it shows 128gb, but in my samsung tablet it shows 119gb. It is an authentic item, my 2nd time purchasing from this seller. Will buy again soon. Highly recommended. Thanks seller!!",,5,1
"5 For the Product, Quality & Sellers  This Emoji For the (Currier Services),They didn't make a call, and just throw the items on the floor of my house entrance...See at the Video, how did i receive my order item's.",1,5,0
Superd good packing.    item from scandisk official store.  more reliable .,,5,0
angbaikbarangbaikbarangbaikbarangbaikbarangbaikbarangbaikbarangbaikbarangbaikbarangbaikbarangbaikbarangbaikbarangbaikbarangbaikbarangbaikbarangbaikbarangbaikbarangbaikbarangbaikbarangbaikbarangbaikbarangbaikbarangbaikbarangbaikbarangbaikbarangbaikbarangbaikbarangbaikbarangbaikbarangbaikbarangbaikang,,5,0
Item as described. Fast shipping. Good value. Recommended seller.,,5,0
Barang smpai dgn selamat wlpn dlm MCO..harap berfungsi dgn baik..x tidak berfungsi blh return ke seller..tq jnt,,5,0
"This is my second time buying sd card at this shop,highly recommended...the delivery is also very fast and the package is nicely wrap",,5,0
"Memory card OK,,, function.. Tapi syg beli 128gb tapi di dlm cuma 119gb shje huuum.. Appn tq..",,5,1
"Card ok, wlupun sangkut kt j & t yg bt lmnt sgt....thx seller....wlupun gmbr xde kna mengena pn",,5,0
"Put this memory card into my phone and copy my pictures, just in case my 3 years old phone give me surprise shut down. Everything works well.",,5,1
Tak sangka...hari ini order..esok sampai...terkejut hamba...Hope...berbaloi dan tahan lama...tp utk pdpr ni..mmg sesuai lahkan...,,5,0
Very fast delivery. Item received in good condition. Thanks seller.,,5,0
"Fast delivery, good price, haven't try to use yet.",,5,0
Ok good  Puas hati.. Beli untok fon bru anak2... Barang sampai ikut jadual penghantaran..,,5,0
Thankyou seller barang ori yaa  get this with 29 with voucher and its worth it for 64gb !! Thankyouuu ,,5,0
"Barang lambat smpi, pos x update barang sampai.",1,1,0
Barang OK bila buka packaging..tetapi dapat packaging da koyak dan kotak rosak..kena ambil sendiri di J&T..,,2,0
"Received with thanks. Delivery took 8 days. Bought it for the second time, Dont know why but this time the outer part of the bottle was oily, seems like stock for some time. But luckily there was plastic on the outer part.",2,3,0
Bottle leaked from the cap. Hopefully you guys can improve the packaging next time. Thanks,,3,0
Need to improve on packaging.,,3,0
"Thanks for the free giftPackaging ok, no leakingBut slow delivery",,3,0
Dissapointed when received the item. Luckilly not a lot was wasted,0,3,0
"Products well with bubble wrapped, excellent packaging, thank you seller and good value for money fast delivery 2day shipped",1,3,0
"Everything ok.. Except delivery service.. Saya self collect dekat dia punya warehause.. Order 11/05, 20/05 pun xreceive lg.. Last saya pick up sendiri.. Thanks seller.. Good services.. Maybe problem sebab MCO ni.. Dan nk dekat raya.. So parcel terlampau overload. Next time will order again.. ",,3,0
Sorry yer... Tak dpt nak give 5star... Sbb kotak kat luar tuu.. Mcm kotak sampah.. But anyway thx for the wrapping and protection for the bottle of Tomyum...,,3,0
Barang agak lewat smpi..respon seller jgk lmbt utk penghantaran,,3,0
bekas cam tumpah  dan berminyak,,3,1
"Barang lambat smpi, pos x update barang sampai.",1,1,0
Barang OK bila buka packaging..tetapi dapat packaging da koyak dan kotak rosak..kena ambil sendiri di J&T..,,2,0
"Received with thanks. Delivery took 8 days. Bought it for the second time, Dont know why but this time the outer part of the bottle was oily, seems like stock for some time. But luckily there was plastic on the outer part.",2,3,0
Bottle leaked from the cap. Hopefully you guys can improve the packaging next time. Thanks,,3,0
Need to improve on packaging.,,3,0
"Thanks for the free giftPackaging ok, no leakingBut slow delivery",,3,0
Dissapointed when received the item. Luckilly not a lot was wasted,0,3,0
"Products well with bubble wrapped, excellent packaging, thank you seller and good value for money fast delivery 2day shipped",1,3,0
"Everything ok.. Except delivery service.. Saya self collect dekat dia punya warehause.. Order 11/05, 20/05 pun xreceive lg.. Last saya pick up sendiri.. Thanks seller.. Good services.. Maybe problem sebab MCO ni.. Dan nk dekat raya.. So parcel terlampau overload. Next time will order again.. ",,3,0
Sorry yer... Tak dpt nak give 5star... Sbb kotak kat luar tuu.. Mcm kotak sampah.. But anyway thx for the wrapping and protection for the bottle of Tomyum...,,3,0
Barang agak lewat smpi..respon seller jgk lmbt utk penghantaran,,3,0
bekas cam tumpah  dan berminyak,,3,1
Package well received. With bubble wrapped. Anyway plastic container no issue. Have not try the taste yet.,,4,0
Pes tomyam ni mmg sedap... rasa mmg mcm tomyam siam pure... mmg terbaik... seller pos dengan well pack... saya beli ye. Tq Sedap sedap sedap sedap sedap sedap,,4,0
Pes Tom yam dh sampai order 7/7 smpi 11/7Pack dgn esk dlm kotak n bubble ok...,,4,0
"Barang telah slmat diterima wpun ambil masa 5 hr br sampai. Maybe sbb mco, is okayyyy. Pes tomyum kegemaran keluarga n akan repet bli lagi. Shooooo sedappppp !!! Tq runner & seller ",,4,0
"Item received even though a bit late due to EMCO probably. There is a spill from the goods, possibly not tightly closed from original manufacturer. The packaging quality is good but seller need to improve method of packaging to prevent of item spillage in the future.",,4,0
Just received havent tried yet! Happy with the fast delivery!,,4,0
penghantaran slow...,,4,0
Parcel dibungkus dgn baik... Tp ada bekas minyak sedikit... Harap2 brg tidak rosak... Tq,,4,0
"Wrapping tebal, produk semua okey..tq",,4,0
Good product. Tq,,4,0
"fast delivery, and the paste is very nice",,4,0
"Penghantaran yang cepat, harga berpatutan, pbungkusan yang elok, barang  sampai dengan  selamat",,4,0
"Not yet try, thanks for the small gift.",,4,0
Items well received and in good condition .Delivery also ok . Thank you very much,,4,0
terbaik,,4,0
Packaging terbaik. Harga yg berbaloi. Akan repeat lagi,,4,0
"Finally received from ninja van. Received the paste in good condition, expiry date 19/3/2022. Good service by seller. Thanks ninja van delivery man ",,4,0
"Barang sampai already, will repeat again later, thank youu",,4,0
"Alhamdulillah barang sudah sampai ambik masa dalam dua hari je untuk sampai, penghantaran lajuuu, order pagi lepas tu dalam tengahari tu jugak seller pos, bagus betul sellee macam ni. Barang sampai pon ok, siap bagi free gift tissue lagi. Thank you. Nanti saya repeat lagi inshaAllah dehh hehehheheh",,5,0
2nd time beli. Harga berpatutan. Dpt free gift gula2 batu lagi Tq seller. Maaf gmbr tiada kaitan. Tq seller. Tq seller. Tq seller. Tq seller. Tq seller. Tq seller. Tq seller. Tq seller. Tq seller. Tq seller. Tq seller. Tq seller. Tq seller.Tq,,5,0
Alhamdulilah barang sampai elok..packge elok..murah dari beli kat luar..walaupun lewat sedikit sampai..seller siap bg free gift..lepas ni boleh beli lagi..#kitajagakita #stayathome #kalauperlukeluarrumahjgnlupapakaimask #sanitizer#jgnlupajagasop #staysafe #gedenggedeng,,5,1
Thank you for the fast and secure packing delivery was real zippy too  .. Ive used this brand before But never in this big plastic bottle..,,5,0
Alhamdulillah.. Barang sampai dlam keadaan baik.. Lmbat smpai mngkin sbb pkp 3.0..biasa klau oder hari ni.. Esok dah smpai..Tq saler bagi gift..,,5,0
"Alhamdulillah,  cepat sampai  dan Hargayg berpatutan  sama macam beli kat pasar paying KT. Dapat free gift.  Tq seller.  Pembungkusan  yg baik",,5,0
"Fast Delivery with surprise gift. Fast response from seller. Good and trusted seller. A bit disappointed with the J&T courier girl refuse to drop the parcel on the contactless area was ready at my home, she feel lazy to come down from her car ( i think ) insist me to collect it.. .Overall ok.",,5,0
"Barang diterima dlm keadaan baik.. tomyam paste ni mmg awesome.. sedap.. x perlu nk tambah paste lain dah.. letak paste ni dan brg2, dah jd tomyam..",,5,1
Alhamdulillah syukur barang sampai dgn elok dan selamat mendarat .. berpuas hati dengan produk dn seller pun baik dan peramah.. kualiti produk baik dan sempurna .harga berpatutan dan penghantaran yang cepat dan pantas..saya beli ya. nanti saya akan perkenalkan produk ni ke saudara mara,,5,1
Penghantaran Yang sangat cepat... Barang dibungkus dengan baik...  Dapat hadiah lagi... Terima.kasih... terbaik...,,5,0
Barang diterima dalam keadaan baikDibungkus dengan baik sekaliTerima kasih sellerDapat Hadiah juga ,,5,0
Senang bli on9..kt kedai kna beratur..scan my sjhtera dlu..sedap pes tom yam ni...kami selalu masak...kdng smnggu 2x wt tom yam..mkn dgn nasi@bihun@ mee...terima kaseh..Good seller..bungkusan kemas..thanks freegift coklat batu..,,5,1
Tq atas free gift....berbaloi baloi...,,5,0
Smpai dlm keadaan baik...elok bungkus kotak ngan bubble..sgt2 safety...tq seller... Tomyam ni mmg sedap...xyah letak ape dh...nk buat pun senng...,1,5,1
Tq for free gift.. Belum ghaseeee lagi.. aku beli sebab aku baca review org dok kate sedap.. so beli je laaaa.. RM0 Jangan sebar berita palsu mengenai vaksin. Bersama kita jayakan  Program Imunisasi COVID-19 Kebangsaan.,,5,0
"Penghantaran yang cepat oleh seller, dibungkus dengan bubble wrap menjamin botol selamat tidak pecah, terbaik seller, boleh order lagi lain kali",,5,0
tq seller...,,5,0
"barang diterima dalam keadaan baik. my mom yang suka guna pes ni. tadi try masak dengan mee goreng. sedapresepi mee goreng tomyam :bwg putih, merah, halia sikit. blend. msuk mnyak msuk bwg blend. tumis. msuk telur 1biji. kcw.+ air. agak2 la. kcwmsuk pes.+ kicap+ perasa+gula. msuk mee",,5,1
Tomyam dah sampai kotak kemek tapi nasib baik barang helok sebab ade seal,,5,0
Fast delivery. eventhought the box damaged but product intact due to good bubble wrapping. Thank you for the free gift. Cheaper price compared to other sellers. Definately will buy again from seller.,,5,0
